cf-templates-fz3tciia2e9-us-west-2,2019239E3j-aws-okta-integration.template,,succeeded,200,,Successful
cf-templates-fz3tciia2e9-us-west-2,2019246qoF-cosdmediumconfigwithoutRM.yaml,,succeeded,200,,Successful
cf-templates-fz3tciia2e9-us-west-2,2019245a7G-cosdmediumconfigwithoutRM.yaml,,succeeded,200,,Successful
cf-templates-fz3tciia2e9-us-west-2,2019254rut-EC2_JSON+Windows.json,,succeeded,200,,Successful
cf-templates-fz3tciia2e9-us-west-2,2019247Yp8-ServiceCatalog_WithSG_Final.json,,succeeded,200,,Successful
cf-templates-fz3tciia2e9-us-west-2,2019247qkU-ServiceCatalog_WithSG_Final.json,,succeeded,200,,Successful
cf-templates-fz3tciia2e9-us-west-2,2019254juY-EC2_Linux.json,,succeeded,200,,Successful
cf-templates-fz3tciia2e9-us-west-2,2019247qtw-cosdlargegrwithoutRM.yaml,,succeeded,200,,Successful
cf-templates-fz3tciia2e9-us-west-2,2019245D0d-ServiceCatalog_WithSG.json,,succeeded,200,,Successful
cf-templates-fz3tciia2e9-us-west-2,2019253hX6-singlelevel.yml,,succeeded,200,,Successful
cf-templates-fz3tciia2e9-us-west-2,2019252ZyC-singlelevel.yml,,succeeded,200,,Successful
cf-templates-fz3tciia2e9-us-west-2,2019253mGJ-EC2withMultiLevelofApproval.yml,,succeeded,200,,Successful
cf-templates-fz3tciia2e9-us-west-2,20192535DX-rds_template.yaml,,succeeded,200,,Successful
cf-templates-fz3tciia2e9-us-west-2,2019253iDe-EC2_JSON+Windows.json,,succeeded,200,,Successful
cf-templates-fz3tciia2e9-us-west-2,2019246R9r-ServiceCatalog_WithSG.json,,succeeded,200,,Successful
cf-templates-fz3tciia2e9-us-west-2,20192543WE-rds_template.yaml,,succeeded,200,,Successful
cf-templates-fz3tciia2e9-us-west-2,20192543CM-EC2_JSON+Windows.json,,succeeded,200,,Successful
cf-templates-fz3tciia2e9-us-west-2,20192433ke-cosdlargegrwithoutRM.yaml,,succeeded,200,,Successful
cf-templates-fz3tciia2e9-us-west-2,2019246VYx-ServiceCatalog_WithSG_Final.json,,succeeded,200,,Successful
cf-templates-fz3tciia2e9-us-west-2,2019248Z9n-cosdlargegrwithoutRM.yaml,,succeeded,200,,Successful
cf-templates-fz3tciia2e9-us-west-2,2019245gsK-approvalrej.yml,,succeeded,200,,Successful
cf-templates-fz3tciia2e9-us-west-2,2019254H8W-EC2_JSON+Windows.json,,succeeded,200,,Successful
cf-templates-fz3tciia2e9-us-west-2,2019248uQS-cloudARN.yaml,,succeeded,200,,Successful
cf-templates-fz3tciia2e9-us-west-2,2019245dLE-testttttttttt.yaml,,succeeded,200,,Successful
cf-templates-fz3tciia2e9-us-west-2,2019253Rbd-lambda_for_returningwithsubnetSG_final.json,,succeeded,200,,Successful
cf-templates-fz3tciia2e9-us-west-2,2019249DAx-SG.yml,,succeeded,200,,Successful
cf-templates-fz3tciia2e9-us-west-2,2019245Zll-lambda_for_returningSG.yml,,succeeded,200,,Successful
cf-templates-fz3tciia2e9-us-west-2,2019246uPr-testttttttttt.yaml,,succeeded,200,,Successful
cf-templates-fz3tciia2e9-us-west-2,2019254HFQ-ServiceCatalogProductFor+SNS.json,,succeeded,200,,Successful
cf-templates-fz3tciia2e9-us-west-2,2019245WFI-cosdsimplewithoutRM.yaml,,succeeded,200,,Successful
cf-templates-fz3tciia2e9-us-west-2,2019253Fc6-ServiceCatalogProductFor+SNS.txt,,succeeded,200,,Successful
cf-templates-fz3tciia2e9-us-west-2,2019245exu-ServiceCatalog_WithSG.json,,succeeded,200,,Successful
cf-templates-fz3tciia2e9-us-west-2,2019247JeI-cosdlargegrwithoutRM.yaml,,succeeded,200,,Successful
cf-templates-fz3tciia2e9-us-west-2,20192495yY-SG.yml,,succeeded,200,,Successful
cf-templates-fz3tciia2e9-us-west-2,servicecatalog-product-20192533uS-SNS_Lambda.yml,,succeeded,200,,Successful
cf-templates-fz3tciia2e9-us-west-2,2019252mmI-singlelevel.yml,,succeeded,200,,Successful
cf-templates-fz3tciia2e9-us-west-2,20192464ge-testttttttttt.yaml,,succeeded,200,,Successful
cf-templates-fz3tciia2e9-us-west-2,2019253UTQ-EC2_JSON+Windows.json,,succeeded,200,,Successful
cf-templates-fz3tciia2e9-us-west-2,2019240YxP-newoktaintegration+%281%29,,succeeded,200,,Successful
cf-templates-fz3tciia2e9-us-west-2,2019254Exb-EC2_JSON+Windows.json,,succeeded,200,,Successful
cf-templates-fz3tciia2e9-us-west-2,20192460T9-testttttttttt.yaml,,succeeded,200,,Successful
cf-templates-fz3tciia2e9-us-west-2,2019252Ozw-singlelevel.yml,,succeeded,200,,Successful
cf-templates-fz3tciia2e9-us-west-2,2019245PqY-cosdsimplewithoutRM.yaml,,succeeded,200,,Successful
cf-templates-fz3tciia2e9-us-west-2,2019246Mms-cosdmediumconfigwithoutRM.yaml,,succeeded,200,,Successful
cf-templates-fz3tciia2e9-us-west-2,2019248so0-cloudARN.yaml,,succeeded,200,,Successful
cf-templates-fz3tciia2e9-us-west-2,2019245Kei-cosdmediumconfigwithoutRM.yaml,,succeeded,200,,Successful
cf-templates-fz3tciia2e9-us-west-2,2019254RcR-EC2_JSON+Windows.json,,succeeded,200,,Successful
cf-templates-fz3tciia2e9-us-west-2,20192537yP-ServiceCatalogProductFor+SNS.txt,,succeeded,200,,Successful
cf-templates-fz3tciia2e9-us-west-2,2019247DD8-ServiceCatalog_WithSG_Final.json,,succeeded,200,,Successful
cf-templates-fz3tciia2e9-us-west-2,2019246Gg0-ServiceCatalog_WithSG.json,,succeeded,200,,Successful
cf-templates-fz3tciia2e9-us-west-2,2019248Ysj-s3bucket.yaml,,succeeded,200,,Successful
cf-templates-fz3tciia2e9-us-west-2,201924885A-s3bucket.yaml,,succeeded,200,,Successful
cf-templates-fz3tciia2e9-us-west-2,2019253MFo-ServiceCatalogProductFor+SNS.txt,,succeeded,200,,Successful
cf-templates-fz3tciia2e9-us-west-2,20192543gG-lambda_for_returningwithsubnetSG_final.json,,succeeded,200,,Successful
cf-templates-fz3tciia2e9-us-west-2,2019246ivP-ServiceCatalog_WithSG.json,,succeeded,200,,Successful
cf-templates-fz3tciia2e9-us-west-2,201924542y-cosdmediumconfigwithoutRM.yaml,,succeeded,200,,Successful
cf-templates-fz3tciia2e9-us-west-2,2019248p6A-cosdsimplewithoutRM.yaml,,succeeded,200,,Successful
cf-templates-fz3tciia2e9-us-west-2,2019254QOo-EC2_JSON+Windows.json,,succeeded,200,,Successful
cf-templates-fz3tciia2e9-us-west-2,2019253quz-EC2_JSON+Windows.json,,succeeded,200,,Successful
cf-templates-fz3tciia2e9-us-west-2,2019247I55-cosdlargegrwithoutRM.yaml,,succeeded,200,,Successful
cf-templates-fz3tciia2e9-us-west-2,2019246yJ7-ServiceCatalog_WithSG_Final.json,,succeeded,200,,Successful
cf-templates-fz3tciia2e9-us-west-2,2019248j5b-cosdmediumconfigwithoutRM.yaml,,succeeded,200,,Successful
cf-templates-fz3tciia2e9-us-west-2,20192472Sd-ServiceCatalog_WithSG_Final.json,,succeeded,200,,Successful
cf-templates-fz3tciia2e9-us-west-2,2019248qDO-nested-final.yaml,,succeeded,200,,Successful
cf-templates-fz3tciia2e9-us-west-2,2019253IWs-EC2_JSON+Windows.json,,succeeded,200,,Successful
cf-templates-fz3tciia2e9-us-west-2,2019253uDC-lambda_for_returningwithsubnetSG_final.json,,succeeded,200,,Successful
cf-templates-fz3tciia2e9-us-west-2,201925464B-EC2_JSON+Windows.json,,succeeded,200,,Successful
cf-templates-fz3tciia2e9-us-west-2,20192469M4-cosdmediumconfigwithoutRM.yaml,,succeeded,200,,Successful
cf-templates-fz3tciia2e9-us-west-2,2019245cna-lambda_for_returningSG.yml,,succeeded,200,,Successful
cf-templates-fz3tciia2e9-us-west-2,2019254Kle-rds_template.yaml,,succeeded,200,,Successful
cf-templates-fz3tciia2e9-us-west-2,2019254igU-EC2_JSON+Windows.json,,succeeded,200,,Successful
cf-templates-fz3tciia2e9-us-west-2,2019246J4z-testttttttttt.yaml,,succeeded,200,,Successful
cf-templates-fz3tciia2e9-us-west-2,2019247axv-nested-final.yaml,,succeeded,200,,Successful
cf-templates-fz3tciia2e9-us-west-2,2019246UpG-cosdmediumconfigwithoutRM.yaml,,succeeded,200,,Successful
cf-templates-fz3tciia2e9-us-west-2,2019245cTx-lambda_for_returningSG.yml,,succeeded,200,,Successful
cf-templates-fz3tciia2e9-us-west-2,2019254A2i-EC2_JSON+Windows.json,,succeeded,200,,Successful
cf-templates-fz3tciia2e9-us-west-2,2019246rEO-cosdmediumconfigwithoutRM.yaml,,succeeded,200,,Successful
cf-templates-fz3tciia2e9-us-west-2,2019246Okh-ServiceCatalog_WithSG.json,,succeeded,200,,Successful
cf-templates-fz3tciia2e9-us-west-2,2019254hv7-EC2_JSON+Windows.json,,succeeded,200,,Successful
cf-templates-fz3tciia2e9-us-west-2,2019253MIS-EC2_JSON+Windows.json,,succeeded,200,,Successful
cf-templates-fz3tciia2e9-us-west-2,2019248prm-s3bucket.yaml,,succeeded,200,,Successful
cf-templates-fz3tciia2e9-us-west-2,2019245e2Q-ServiceCatalog_WithSG.json,,succeeded,200,,Successful
cf-templates-fz3tciia2e9-us-west-2,2019245GOl-testttttttttt.yaml,,succeeded,200,,Successful
cf-templates-fz3tciia2e9-us-west-2,2019248FAj-s3bucket.yaml,,succeeded,200,,Successful
cf-templates-fz3tciia2e9-us-west-2,2019253xjE-singlelevel.yml,,succeeded,200,,Successful
cf-templates-fz3tciia2e9-us-west-2,20192531CU-lambda_for_returningwithsubnetSG_final.json,,succeeded,200,,Successful
cf-templates-fz3tciia2e9-us-west-2,20192549N4-rds_template.yaml,,succeeded,200,,Successful
cf-templates-fz3tciia2e9-us-west-2,2019245tUx-cosdmediumconfigwithoutRM.yaml,,succeeded,200,,Successful
cf-templates-fz3tciia2e9-us-west-2,2019248uX5-s3bucket.yaml,,succeeded,200,,Successful
cf-templates-fz3tciia2e9-us-west-2,2019247DML-cosdlargegrwithoutRM.yaml,,succeeded,200,,Successful
cf-templates-fz3tciia2e9-us-west-2,2019254hqR-EC2_JSON+Windows.json,,succeeded,200,,Successful
cf-templates-fz3tciia2e9-us-west-2,2019248CtT-cosdsimplewithoutRM.yaml,,succeeded,200,,Successful
cf-templates-fz3tciia2e9-us-west-2,2019252flM-URLShortener.yml,,succeeded,200,,Successful
cf-templates-fz3tciia2e9-us-west-2,2019247VYo-config.yaml,,succeeded,200,,Successful
cf-templates-fz3tciia2e9-us-west-2,2019254VRf-rds_template.yaml,,succeeded,200,,Successful
cf-templates-fz3tciia2e9-us-west-2,2019245vPI-cosdsimplewithoutRM.yaml,,succeeded,200,,Successful
cf-templates-fz3tciia2e9-us-west-2,2019247sEH-ServiceCatalog_WithSG_Final.json,,succeeded,200,,Successful
cf-templates-fz3tciia2e9-us-west-2,2019248ssK-s3bucket.yaml,,succeeded,200,,Successful
cf-templates-fz3tciia2e9-us-west-2,2019246kNe-cosdmediumconfigwithoutRM.yaml,,succeeded,200,,Successful
cf-templates-fz3tciia2e9-us-west-2,2019252vlJ-singlelevel.yml,,succeeded,200,,Successful
cf-templates-fz3tciia2e9-us-west-2,2019246UAI-cosdmediumconfigwithoutRM.yaml,,succeeded,200,,Successful
cf-templates-fz3tciia2e9-us-west-2,2019254rVJ-lambda_for_returningwithsubnetSG_final.json,,succeeded,200,,Successful
cf-templates-fz3tciia2e9-us-west-2,2019246ONr-ServiceCatalog_WithSG.json,,succeeded,200,,Successful
cf-templates-fz3tciia2e9-us-west-2,2019254Ftg-EC2_JSON+Windows.json,,succeeded,200,,Successful
cf-templates-fz3tciia2e9-us-west-2,2019246M5V-cosdmediumconfigwithoutRM.yaml,,succeeded,200,,Successful
cf-templates-fz3tciia2e9-us-west-2,2019247pUy-cosdlargegrwithoutRM.yaml,,succeeded,200,,Successful
cf-templates-fz3tciia2e9-us-west-2,2019247tUB-ServiceCatalog_WithSG_Final.json,,succeeded,200,,Successful
cf-templates-fz3tciia2e9-us-west-2,2019246igU-ServiceCatalog_WithSG.json,,succeeded,200,,Successful
cf-templates-fz3tciia2e9-us-west-2,2019246Jmk-lambda_for_returningSG_final.json,,succeeded,200,,Successful
cf-templates-fz3tciia2e9-us-west-2,2019245lFj-cosdsimplewithoutRM.yaml,,succeeded,200,,Successful
cf-templates-fz3tciia2e9-us-west-2,2019245qQ9-lambda_for_returningSG.yml,,succeeded,200,,Successful
cf-templates-fz3tciia2e9-us-west-2,2019253MUl-lambda_for_returningwithsubnetSG_final.json,,succeeded,200,,Successful
cf-templates-fz3tciia2e9-us-west-2,2019246Dz1-testttttttttt.yaml,,succeeded,200,,Successful
cf-templates-fz3tciia2e9-us-west-2,20192494av-SG.yml,,succeeded,200,,Successful
cf-templates-fz3tciia2e9-us-west-2,2019247kzu-ServiceCatalog_WithSG_Final.json,,succeeded,200,,Successful
cf-templates-fz3tciia2e9-us-west-2,20192452ZI-cosdmediumconfigwithoutRM.yaml,,succeeded,200,,Successful
cf-templates-fz3tciia2e9-us-west-2,servicecatalog-product-2019253UP8-SNS_Lambda.yml,,succeeded,200,,Successful
cf-templates-fz3tciia2e9-us-west-2,2019254r8a-EC2_JSON+Windows.json,,succeeded,200,,Successful
cf-templates-fz3tciia2e9-us-west-2,20192534S3-lambda_for_returningwithsubnetSG_final.json,,succeeded,200,,Successful
cf-templates-fz3tciia2e9-us-west-2,2019254xF7-Desiredinstancetype.yaml,,succeeded,200,,Successful
cf-templates-fz3tciia2e9-us-west-2,servicecatalog-product-2019249CXV-nested-final.yaml,,succeeded,200,,Successful
cf-templates-fz3tciia2e9-us-west-2,2019248X8P-s3bucket.yaml,,succeeded,200,,Successful
cf-templates-fz3tciia2e9-us-west-2,2019253E8z-ServiceCatalogProductFor+SNS.txt,,succeeded,200,,Successful
cf-templates-fz3tciia2e9-us-west-2,20192538PY-AWSControlTowerAddonExecutionRole.yaml,,succeeded,200,,Successful
cf-templates-fz3tciia2e9-us-west-2,servicecatalog-product-2019253we6-SNS_ARN.yml,,succeeded,200,,Successful
cf-templates-fz3tciia2e9-us-west-2,servicecatalog-product-2019250oes-nested-final.yaml,,succeeded,200,,Successful
cf-templates-fz3tciia2e9-us-west-2,2019247UiR-cosdmediumconfigwithoutRM.yaml,,succeeded,200,,Successful
cf-templates-fz3tciia2e9-us-west-2,2019254lMs-EC2_JSON+Windows.json,,succeeded,200,,Successful
cf-templates-fz3tciia2e9-us-west-2,2019246vwk-lambda_for_returningSG_final.json,,succeeded,200,,Successful
cf-templates-fz3tciia2e9-us-west-2,2019248hxW-s3bucket.yaml,,succeeded,200,,Successful
cf-templates-fz3tciia2e9-us-west-2,2019247G9F-cosdlargegrwithoutRM.yaml,,succeeded,200,,Successful
cf-templates-fz3tciia2e9-us-west-2,20192532Ce-singlelevel.yml,,succeeded,200,,Successful
cf-templates-fz3tciia2e9-us-west-2,20192489Mq-s3bucket.yaml,,succeeded,200,,Successful
cf-templates-fz3tciia2e9-us-west-2,2019253qfX-ServiceCatalogProductFor+SNS.txt,,succeeded,200,,Successful
cf-templates-fz3tciia2e9-us-west-2,2019253RSt-lambda_for_returningwithsubnetSG_final.json,,succeeded,200,,Successful
cf-templates-fz3tciia2e9-us-west-2,2019254BJY-FirstLevel_Approval_For_ServiceCatalog_final.yml,,succeeded,200,,Successful
cf-templates-fz3tciia2e9-us-west-2,2019246YKT-ServiceCatalog_WithSG_Final.json,,succeeded,200,,Successful
cf-templates-fz3tciia2e9-us-west-2,2019246K9B-cosdmediumconfigwithoutRM.yaml,,succeeded,200,,Successful
cf-templates-fz3tciia2e9-us-west-2,2019253n4J-SNS_Lambda.yml,,succeeded,200,,Successful
cf-templates-fz3tciia2e9-us-west-2,2019254t3N-EC2_JSON+Windows.json,,succeeded,200,,Successful
cf-templates-fz3tciia2e9-us-west-2,20192521aC-approvalrej.yml,,succeeded,200,,Successful
cf-templates-fz3tciia2e9-us-west-2,2019248t1K-cosdlargegrwithoutRM.yaml,,succeeded,200,,Successful
cf-templates-fz3tciia2e9-us-west-2,2019247Xol-cosdlargegrwithoutRM.yaml,,succeeded,200,,Successful
cf-templates-fz3tciia2e9-us-west-2,2019247PmP-testttttttttt.yaml,,succeeded,200,,Successful
cf-templates-fz3tciia2e9-us-west-2,2019253u2o-EC2_JSON+Windows.json,,succeeded,200,,Successful
cf-templates-fz3tciia2e9-us-west-2,2019245wVY-lambda_for_returningSG.yml,,succeeded,200,,Successful
cf-templates-fz3tciia2e9-us-west-2,2019254a3r-EC2_JSON+Windows.json,,succeeded,200,,Successful
cf-templates-fz3tciia2e9-us-west-2,2019254cF7-lambda_for_returningwithsubnetSG_final.json,,succeeded,200,,Successful
cf-templates-fz3tciia2e9-us-west-2,20192536EP-ServiceCatalogProductFor+SNS.txt,,succeeded,200,,Successful
cf-templates-fz3tciia2e9-us-west-2,2019253ffb-EC2_JSON+Windows.json,,succeeded,200,,Successful
cf-templates-fz3tciia2e9-us-west-2,2019254FoE-EC2_JSON+Windows.json,,succeeded,200,,Successful
cf-templates-fz3tciia2e9-us-west-2,20192489em-Aliasandemail-test1.yaml,,succeeded,200,,Successful
cf-templates-fz3tciia2e9-us-west-2,2019247IwI-ServiceCatalog_WithSG_Final.json,,succeeded,200,,Successful
cf-templates-fz3tciia2e9-us-west-2,2019253vL1-singlelevel.yml,,succeeded,200,,Successful
cf-templates-fz3tciia2e9-us-west-2,2019252DNh-singlelevel.yml,,succeeded,200,,Successful
cf-templates-fz3tciia2e9-us-west-2,2019253W7k-EC2_JSON+Windows.json,,succeeded,200,,Successful
cf-templates-fz3tciia2e9-us-west-2,2019254QJl-EC2_JSON+Windows.json,,succeeded,200,,Successful
cf-templates-fz3tciia2e9-us-west-2,2019248hg7-cloudARN.yaml,,succeeded,200,,Successful
cf-templates-fz3tciia2e9-us-west-2,2019253LlI-singlelevel.yml,,succeeded,200,,Successful
cf-templates-fz3tciia2e9-us-west-2,2019254Fu6-EC2_JSON+Windows.json,,succeeded,200,,Successful
cf-templates-fz3tciia2e9-us-west-2,2019254nlJ-EC2_JSON+Windows.json,,succeeded,200,,Successful
cf-templates-fz3tciia2e9-us-west-2,2019245bzG-cosdsimplewithoutRM.yaml,,succeeded,200,,Successful
cf-templates-fz3tciia2e9-us-west-2,2019252ocP-singlelevel.yml,,succeeded,200,,Successful
cf-templates-fz3tciia2e9-us-west-2,2019245Q6I-lambda_for_returningSG.yml,,succeeded,200,,Successful
cf-templates-fz3tciia2e9-us-west-2,2019254krW-EC2_JSON+Windows.json,,succeeded,200,,Successful
cf-templates-fz3tciia2e9-us-west-2,2019246M94-lambda_for_returningSG_final.json,,succeeded,200,,Successful
cf-templates-fz3tciia2e9-us-west-2,2019252pCJ-URLShortener_Final.yml,,succeeded,200,,Successful
cf-templates-fz3tciia2e9-us-west-2,201924749e-cosdlargegrwithoutRM.yaml,,succeeded,200,,Successful
cf-templates-fz3tciia2e9-us-west-2,2019252gSG-FirstLevel_Approval_For_ServiceCatalog_final.yml,,succeeded,200,,Successful
cf-templates-fz3tciia2e9-us-west-2,2019248mmc-s3bucket.yaml,,succeeded,200,,Successful
cf-templates-fz3tciia2e9-us-west-2,20192475Uu-cosdmediumconfigwithoutRM.yaml,,succeeded,200,,Successful
cf-templates-fz3tciia2e9-us-west-2,2019248fNb-s3bucket.yaml,,succeeded,200,,Successful
cf-templates-fz3tciia2e9-us-west-2,2019254Mbe-SNS_Lambda.yml,,succeeded,200,,Successful
cf-templates-fz3tciia2e9-us-west-2,2019254ARM-EC2_JSON+Windows.json,,succeeded,200,,Successful
cf-templates-fz3tciia2e9-us-west-2,2019245t8R-cosdmediumconfigwithoutRM.yaml,,succeeded,200,,Successful
cf-templates-fz3tciia2e9-us-west-2,2019254cFk-EC2_JSON+Windows.json,,succeeded,200,,Successful
cf-templates-fz3tciia2e9-us-west-2,2019254Cle-EC2_Linux.json,,succeeded,200,,Successful
cf-templates-fz3tciia2e9-us-west-2,2019246QTP-cosdmediumconfigwithoutRM.yaml,,succeeded,200,,Successful
cf-templates-fz3tciia2e9-us-west-2,20192476Xy-SampleTemplate-6417946661.yaml.yml,,succeeded,200,,Successful
cf-templates-fz3tciia2e9-us-west-2,2019247ZiG-cosdmediumconfigwithoutRM.yaml,,succeeded,200,,Successful
cf-templates-fz3tciia2e9-us-west-2,2019248JoH-cosdmediumconfigwithoutRM.yaml,,succeeded,200,,Successful
cf-templates-fz3tciia2e9-us-west-2,2019245NyZ-ServiceCatalog_WithSG.json,,succeeded,200,,Successful
cf-templates-fz3tciia2e9-us-west-2,2019245jbx-cosdsimplewithoutRM.yaml,,succeeded,200,,Successful
cf-templates-fz3tciia2e9-us-west-2,201925410S-EC2_JSON+Windows.json,,succeeded,200,,Successful
cf-templates-fz3tciia2e9-us-west-2,2019248Pxa-nested-final.yaml,,succeeded,200,,Successful
cf-templates-fz3tciia2e9-us-west-2,2019248Dwt-s3bucket.yaml,,succeeded,200,,Successful
cf-templates-fz3tciia2e9-us-west-2,2019247MzH-ServiceCatalog_WithSG_Final.json,,succeeded,200,,Successful
cf-templates-fz3tciia2e9-us-west-2,2019253HD9-ServiceCatalogProductFor+SNS.txt,,succeeded,200,,Successful
cf-templates-fz3tciia2e9-us-west-2,2019254jPF-EC2_Linux.json,,succeeded,200,,Successful
cf-templates-fz3tciia2e9-us-west-2,2019254dvx-EC2_JSON+Windows.json,,succeeded,200,,Successful
cf-templates-fz3tciia2e9-us-west-2,2019245Mlz-cosdmediumconfigwithoutRM.yaml,,succeeded,200,,Successful
cf-templates-fz3tciia2e9-us-west-2,2019246pN0-cosdmediumconfigwithoutRM.yaml,,succeeded,200,,Successful
cf-templates-fz3tciia2e9-us-west-2,2019246VAX-cosdmediumconfigwithoutRM.yaml,,succeeded,200,,Successful
cf-templates-fz3tciia2e9-us-west-2,20192547t0-lambda_for_returningwithsubnetSG_final.json,,succeeded,200,,Successful
cf-templates-fz3tciia2e9-us-west-2,2019245b96-ServiceCatalog_WithSG.json,,succeeded,200,,Successful
cf-templates-fz3tciia2e9-us-west-2,2019248EG9-kmstest.yaml,,succeeded,200,,Successful
cf-templates-fz3tciia2e9-us-west-2,2019247xHQ-cosdlargegrwithoutRM.yaml,,succeeded,200,,Successful
cf-templates-fz3tciia2e9-us-west-2,2019254MzF-NewAccountVPCcreate+v3.yaml,,succeeded,200,,Successful
cf-templates-fz3tciia2e9-us-west-2,2019252JOw-singlelevel.yml,,succeeded,200,,Successful
cf-templates-fz3tciia2e9-us-west-2,2019252tfj-singlelevel.yml,,succeeded,200,,Successful
cf-templates-fz3tciia2e9-us-west-2,2019253Vaz-singlelevel.yml,,succeeded,200,,Successful
cf-templates-fz3tciia2e9-us-west-2,2019254NiQ-EC2_JSON+Windows.json,,succeeded,200,,Successful
cf-templates-fz3tciia2e9-us-west-2,20192437XD-cosdmediumconfigwithoutRM.yaml,,succeeded,200,,Successful
cf-templates-fz3tciia2e9-us-west-2,2019253UuV-SNS_Lambda.yml,,succeeded,200,,Successful
cf-templates-fz3tciia2e9-us-west-2,2019248Ka1-Aliasandemail-test1.yaml,,succeeded,200,,Successful
cf-templates-fz3tciia2e9-us-west-2,2019254but-EC2_JSON+Windows.json,,succeeded,200,,Successful
cf-templates-fz3tciia2e9-us-west-2,2019246G1W-ServiceCatalog_WithSG.json,,succeeded,200,,Successful
cf-templates-fz3tciia2e9-us-west-2,2019247W1d-ServiceCatalog_WithSG_Final.json,,succeeded,200,,Successful
cf-templates-fz3tciia2e9-us-west-2,2019253nM9-EC2_JSON+Windows.json,,succeeded,200,,Successful
cf-templates-fz3tciia2e9-us-west-2,20192532he-singlelevel.yml,,succeeded,200,,Successful
cf-templates-fz3tciia2e9-us-west-2,20192527Qx-SecondLevel_Approval_For_ServiceCatalog_final.yml,,succeeded,200,,Successful
cf-templates-fz3tciia2e9-us-west-2,2019254BTs-NewAccountVPCcreate+v3.yaml,,succeeded,200,,Successful
cf-templates-fz3tciia2e9-us-west-2,2019253xM5-ServiceCatalogProductFor+SNS.txt,,succeeded,200,,Successful
cf-templates-fz3tciia2e9-us-west-2,2019248tNM-s3bucket.yaml,,succeeded,200,,Successful
cf-templates-fz3tciia2e9-us-west-2,2019245Xkk-cosdsimplewithoutRM.yaml,,succeeded,200,,Successful
cf-templates-fz3tciia2e9-us-west-2,201924688J-ServiceCatalog_WithSG.json,,succeeded,200,,Successful
cf-templates-fz3tciia2e9-us-west-2,2019247wir-ServiceCatalog_WithSG_Final.json,,succeeded,200,,Successful
cf-templates-fz3tciia2e9-us-west-2,20192486qM-cosdmediumconfigwithoutRM.yaml,,succeeded,200,,Successful
cf-templates-fz3tciia2e9-us-west-2,2019253JxX-singlelevel.yml,,succeeded,200,,Successful
cf-templates-fz3tciia2e9-us-west-2,2019246A0a-lambda_for_returningSG_final.json,,succeeded,200,,Successful
cf-templates-fz3tciia2e9-us-west-2,20192471HO-ServiceCatalog_WithSG_Final.json,,succeeded,200,,Successful
cf-templates-fz3tciia2e9-us-west-2,20192482gw-nested-final.yaml,,succeeded,200,,Successful
cf-templates-fz3tciia2e9-us-west-2,2019245uKA-testttttttttt.yaml,,succeeded,200,,Successful
cf-templates-fz3tciia2e9-us-west-2,20192461Xz-ServiceCatalog_WithSG.json,,succeeded,200,,Successful
cf-templates-fz3tciia2e9-us-west-2,2019252wE0-URLShortener.yml,,succeeded,200,,Successful
cf-templates-fz3tciia2e9-us-west-2,2019245g2k-ServiceCatalog_WithSG.json,,succeeded,200,,Successful
cf-templates-fz3tciia2e9-us-west-2,2019249HmS-SG.yml,,succeeded,200,,Successful
cf-templates-fz3tciia2e9-us-west-2,20192534V7-ServiceCatalogProductFor+SNS.txt,,succeeded,200,,Successful
cf-templates-fz3tciia2e9-us-west-2,201924723l-cosdlargegrwithoutRM.yaml,,succeeded,200,,Successful
cf-templates-fz3tciia2e9-us-west-2,2019249Nbb-SG.yml,,succeeded,200,,Successful
cf-templates-fz3tciia2e9-us-west-2,2019246kOP-testttttttttt.yaml,,succeeded,200,,Successful
cf-templates-fz3tciia2e9-us-west-2,2019253ORj-lambda_for_returningwithsubnetSG_final.json,,succeeded,200,,Successful
cf-templates-fz3tciia2e9-us-west-2,2019253mN1-rds_template.yaml,,succeeded,200,,Successful
cf-templates-fz3tciia2e9-us-west-2,2019248ts3-cloudARN.yaml,,succeeded,200,,Successful
cf-templates-fz3tciia2e9-us-west-2,2019242Hu7-cosdmediumconfigwithoutRM.yaml,,succeeded,200,,Successful
cf-templates-fz3tciia2e9-us-west-2,2019248ZZs-ServiceCatalog_WithSG_Final.json,,succeeded,200,,Successful
cf-templates-fz3tciia2e9-us-west-2,2019247wya-cosdmediumconfigwithoutRM.yaml,,succeeded,200,,Successful
cf-templates-fz3tciia2e9-us-west-2,2019254YBw-EC2_Linux.json,,succeeded,200,,Successful
cf-templates-fz3tciia2e9-us-west-2,2019247wWQ-cosdlargegrwithoutRM.yaml,,succeeded,200,,Successful
cf-templates-fz3tciia2e9-us-west-2,2019246ovD-ServiceCatalog_WithSG.json,,succeeded,200,,Successful
cf-templates-fz3tciia2e9-us-west-2,2019254b1A-SecondLevel_Approval_For_ServiceCatalog_final.yml,,succeeded,200,,Successful
cf-templates-fz3tciia2e9-us-west-2,2019254NWx-EC2_JSON+Windows.json,,succeeded,200,,Successful
cf-templates-fz3tciia2e9-us-west-2,2019254i30-EC2_JSON+Windows.json,,succeeded,200,,Successful
cf-templates-fz3tciia2e9-us-west-2,2019247cn3-cosdlargegrwithoutRM.yaml,,succeeded,200,,Successful
cf-templates-fz3tciia2e9-us-west-2,2019247ejb-cosdmediumconfigwithoutRM.yaml,,succeeded,200,,Successful
cf-templates-fz3tciia2e9-us-west-2,20192539qo-SNS_Lambda.yml,,succeeded,200,,Successful
cf-templates-fz3tciia2e9-us-west-2,2019246tf5-cosdmediumconfigwithoutRM.yaml,,succeeded,200,,Successful
cf-templates-fz3tciia2e9-us-west-2,201924668A-cosdmediumconfigwithoutRM.yaml,,succeeded,200,,Successful
cf-templates-fz3tciia2e9-us-west-2,2019246muq-cosdmediumconfigwithoutRM.yaml,,succeeded,200,,Successful
cf-templates-fz3tciia2e9-us-west-2,20192470O8-cosdlargegrwithoutRM.yaml,,succeeded,200,,Successful
cf-templates-fz3tciia2e9-us-west-2,2019254zbP-rds_template.yaml,,succeeded,200,,Successful
cf-templates-fz3tciia2e9-us-west-2,2019247iiu-cosdlargegrwithoutRM.yaml,,succeeded,200,,Successful
cf-templates-fz3tciia2e9-us-west-2,2019245tGG-lambda_for_returningSG.yml,,succeeded,200,,Successful
cf-templates-fz3tciia2e9-us-west-2,2019253rmg-EC2_JSON+Windows.json,,succeeded,200,,Successful
cf-templates-fz3tciia2e9-us-west-2,2019245Ln6-lambda_for_returningSG.yml,,succeeded,200,,Successful
cf-templates-fz3tciia2e9-us-west-2,2019245MVq-cosdlargegrwithoutRM.yaml,,succeeded,200,,Successful
cf-templates-fz3tciia2e9-us-west-2,2019239M8g-aws-okta-integration.template,,succeeded,200,,Successful
cf-templates-fz3tciia2e9-us-west-2,2019252Faw-URLShortener_Final.yml,,succeeded,200,,Successful
cf-templates-fz3tciia2e9-us-west-2,20192482Ao-nested-final.yaml,,succeeded,200,,Successful
cf-templates-fz3tciia2e9-us-west-2,2019253WMO-rds_template.yaml,,succeeded,200,,Successful
cf-templates-fz3tciia2e9-us-west-2,2019254GqN-EC2_JSON+Windows.json,,succeeded,200,,Successful
cf-templates-fz3tciia2e9-us-west-2,servicecatalog-product-2019250XHl-nested-final.yaml,,succeeded,200,,Successful
cf-templates-fz3tciia2e9-us-west-2,2019247in5-ServiceCatalog_WithSG_Final.json,,succeeded,200,,Successful
cf-templates-fz3tciia2e9-us-west-2,2019253S3m-EC2_JSON+Windows.json,,succeeded,200,,Successful
cf-templates-fz3tciia2e9-us-west-2,2019253lpq-rds_template.yaml,,succeeded,200,,Successful
cf-templates-fz3tciia2e9-us-west-2,2019247CNl-ServiceCatalog_WithSG_Final.json,,succeeded,200,,Successful
cf-templates-fz3tciia2e9-us-west-2,2019247lxN-cosdmediumconfigwithoutRM.yaml,,succeeded,200,,Successful
cf-templates-fz3tciia2e9-us-west-2,2019248jPB-s3bucket.yaml,,succeeded,200,,Successful
cf-templates-fz3tciia2e9-us-west-2,2019242R1n-cosdsimplewithoutRM.yaml,,succeeded,200,,Successful
cf-templates-fz3tciia2e9-us-west-2,2019247KtW-cosdlargegrwithoutRM.yaml,,succeeded,200,,Successful
cf-templates-fz3tciia2e9-us-west-2,2019245pmk-cosdmediumconfigwithoutRM.yaml,,succeeded,200,,Successful
cf-templates-fz3tciia2e9-us-west-2,20192521gZ-URLShortener.yml,,succeeded,200,,Successful
cf-templates-fz3tciia2e9-us-west-2,2019245L1E-lambda_for_returningSG.yml,,succeeded,200,,Successful
cf-templates-fz3tciia2e9-us-west-2,2019246jIf-ServiceCatalog_WithSG.json,,succeeded,200,,Successful
cf-templates-fz3tciia2e9-us-west-2,2019254Tq0-EC2_Linux.json,,succeeded,200,,Successful
cf-templates-fz3tciia2e9-us-west-2,2019246KVW-cosdmediumconfigwithoutRM.yaml,,succeeded,200,,Successful
cf-templates-fz3tciia2e9-us-west-2,2019253hle-rds_template.yaml,,succeeded,200,,Successful
cf-templates-fz3tciia2e9-us-west-2,2019245mHN-ServiceCatalog_WithSG.json,,succeeded,200,,Successful
cf-templates-fz3tciia2e9-us-west-2,2019247DbU-SampleTemplate-6417946661cosd.yaml,,succeeded,200,,Successful
cf-templates-fz3tciia2e9-us-west-2,2019245dac-cosdsimplewithoutRM.yaml,,succeeded,200,,Successful
cf-templates-fz3tciia2e9-us-west-2,2019247qtB-ServiceCatalog_WithSG_Final.json,,succeeded,200,,Successful
cf-templates-fz3tciia2e9-us-west-2,2019253d2R-rds_template.yaml,,succeeded,200,,Successful
cf-templates-fz3tciia2e9-us-west-2,2019253pMB-EC2_JSON+Windows.json,,succeeded,200,,Successful
cf-templates-fz3tciia2e9-us-west-2,2019249FRA-SG.yml,,succeeded,200,,Successful
cf-templates-fz3tciia2e9-us-west-2,2019242is7-cosdsimplewithoutRM.yaml,,succeeded,200,,Successful
cf-templates-fz3tciia2e9-us-west-2,2019253HLK-ServiceCatalogProductFor+SNS.txt,,succeeded,200,,Successful
cf-templates-fz3tciia2e9-us-west-2,2019253FN1-lambda_for_returningwithsubnetSG_final.json,,succeeded,200,,Successful
cf-templates-fz3tciia2e9-us-west-2,2019247KTd-cosdmediumconfigwithoutRM.yaml,,succeeded,200,,Successful
cf-templates-fz3tciia2e9-us-west-2,2019245FmD-cosdsimplewithoutRM.yaml,,succeeded,200,,Successful
cf-templates-fz3tciia2e9-us-west-2,2019247Zpk-ServiceCatalog_WithSG_Final.json,,succeeded,200,,Successful
cf-templates-fz3tciia2e9-us-west-2,2019248Q6t-cosdlargegrwithoutRM.yaml,,succeeded,200,,Successful
cf-templates-fz3tciia2e9-us-west-2,2019248ysf-kmstest.yaml,,succeeded,200,,Successful
cf-templates-fz3tciia2e9-us-west-2,2019246rOQ-ServiceCatalog_WithSG.json,,succeeded,200,,Successful
cf-templates-fz3tciia2e9-us-west-2,2019254Vqf-EC2_JSON+Windows.json,,succeeded,200,,Successful
cf-templates-fz3tciia2e9-us-west-2,2019247pEd-SampleTemplate-2-6417946661.yml,,succeeded,200,,Successful
cf-templates-fz3tciia2e9-us-west-2,2019247nrP-ServiceCatalog_WithSG_Final.json,,succeeded,200,,Successful
cf-templates-fz3tciia2e9-us-west-2,20192478po-ServiceCatalog_WithSG_Final.json,,succeeded,200,,Successful
cf-templates-fz3tciia2e9-us-west-2,20192488Yr-nested-final.yaml,,succeeded,200,,Successful
cf-templates-fz3tciia2e9-us-west-2,2019248vSh-s3bucket.yaml,,succeeded,200,,Successful
cf-templates-fz3tciia2e9-us-west-2,20192535kh-lambda_for_returningwithsubnetSG_final.json,,succeeded,200,,Successful
cf-templates-fz3tciia2e9-us-west-2,servicecatalog-product-2019253UTu-EC2withMultiLevelofApproval.yml,,succeeded,200,,Successful
cf-templates-fz3tciia2e9-us-west-2,2019254Cmh-EC2_JSON+Windows.json,,succeeded,200,,Successful
cf-templates-fz3tciia2e9-us-west-2,2019246Gz0-cosdmediumconfigwithoutRM.yaml,,succeeded,200,,Successful
cf-templates-fz3tciia2e9-us-west-2,2019254f8O-lambda_for_returningwithsubnetSG_final.json,,succeeded,200,,Successful
cf-templates-fz3tciia2e9-us-west-2,2019245lRz-cosdmediumconfigwithoutRM.yaml,,succeeded,200,,Successful
cf-templates-fz3tciia2e9-us-west-2,2019247Rjy-ServiceCatalog_WithSG_Final.json,,succeeded,200,,Successful
cf-templates-fz3tciia2e9-us-west-2,2019254eOz-rds_template.yaml,,succeeded,200,,Successful
cf-templates-fz3tciia2e9-us-west-2,2019246XXs-ServiceCatalog_WithSG.json,,succeeded,200,,Successful
cf-templates-fz3tciia2e9-us-west-2,2019252bBV-singlelevel.yml,,succeeded,200,,Successful
cf-templates-fz3tciia2e9-us-west-2,2019247kWZ-testttttttttt.yaml,,succeeded,200,,Successful
cf-templates-fz3tciia2e9-us-west-2,20192486Qp-s3bucket.yaml,,succeeded,200,,Successful
cf-templates-fz3tciia2e9-us-west-2,2019245oi0-cosdlargegrwithoutRM.yaml,,succeeded,200,,Successful
cf-templates-fz3tciia2e9-us-west-2,2019245SJv-cosdmediumconfigwithoutRM.yaml,,succeeded,200,,Successful
cf-templates-fz3tciia2e9-us-west-2,2019245hdk-cosdmediumconfigwithoutRM.yaml,,succeeded,200,,Successful
cf-templates-fz3tciia2e9-us-west-2,2019246nXH-testttttttttt.yaml,,succeeded,200,,Successful
cf-templates-fz3tciia2e9-us-west-2,20192532Za-ServiceCatalogProductFor+SNS.txt,,succeeded,200,,Successful
cf-templates-fz3tciia2e9-us-west-2,2019247Qah-nested-final.yaml,,succeeded,200,,Successful
cf-templates-fz3tciia2e9-us-west-2,2019245Q03-cosdmediumconfigwithoutRM.yaml,,succeeded,200,,Successful
cf-templates-fz3tciia2e9-us-west-2,2019254eKw-SNS_Lambda.yml,,succeeded,200,,Successful
cf-templates-fz3tciia2e9-us-west-2,2019247WXO-ServiceCatalog_WithSG_Final.json,,succeeded,200,,Successful
cf-templates-fz3tciia2e9-us-west-2,2019247cmy-cosdlargegrwithoutRM.yaml,,succeeded,200,,Successful
cf-templates-fz3tciia2e9-us-west-2,2019247mqQ-ServiceCatalog_WithSG_Final.json,,succeeded,200,,Successful
cf-templates-fz3tciia2e9-us-west-2,2019247vRk-cosdsimplewithoutRM.yaml,,succeeded,200,,Successful
cf-templates-fz3tciia2e9-us-west-2,2019252XC5-singlelevel.yml,,succeeded,200,,Successful
cf-templates-fz3tciia2e9-us-west-2,2019252meU-SNS_ARN.yml,,succeeded,200,,Successful
cf-templates-fz3tciia2e9-us-west-2,2019253fQh-EC2_JSON+Windows.json,,succeeded,200,,Successful
cf-templates-fz3tciia2e9-us-west-2,2019253NFH-ServiceCatalogProductFor+SNS.txt,,succeeded,200,,Successful
cf-templates-fz3tciia2e9-us-west-2,2019247ieD-ServiceCatalog_WithSG_Final.json,,succeeded,200,,Successful
cf-templates-fz3tciia2e9-us-west-2,20192450Yq-cosdsimplewithoutRM.yaml,,succeeded,200,,Successful
cf-templates-fz3tciia2e9-us-west-2,20192479sd-ServiceCatalog_WithSG_Final.json,,succeeded,200,,Successful
cf-templates-fz3tciia2e9-us-west-2,2019254tST-EC2_JSON+Windows.json,,succeeded,200,,Successful
cf-templates-fz3tciia2e9-us-west-2,2019246ypS-ServiceCatalog_WithSG.json,,succeeded,200,,Successful
cf-templates-fz3tciia2e9-us-west-2,2019247PJH-ServiceCatalog_WithSG_Final.json,,succeeded,200,,Successful
cf-templates-fz3tciia2e9-us-west-2,2019246Vv7-cosdmediumconfigwithoutRM.yaml,,succeeded,200,,Successful
cf-templates-fz3tciia2e9-us-west-2,20192535DO-lambda_for_returningwithsubnetSG_final.json,,succeeded,200,,Successful
cf-templates-fz3tciia2e9-us-west-2,2019246fLk-ServiceCatalog_WithSG.json,,succeeded,200,,Successful
cf-templates-fz3tciia2e9-us-west-2,2019247a0r-cosdlargegrwithoutRM.yaml,,succeeded,200,,Successful
cf-templates-fz3tciia2e9-us-west-2,2019245LMb-lambda_for_returningSG.yml,,succeeded,200,,Successful
cf-templates-fz3tciia2e9-us-west-2,2019253ymI-rds_template.yaml,,succeeded,200,,Successful
cf-templates-fz3tciia2e9-us-west-2,2019247GMp-cosdmediumconfigwithoutRM.yaml,,succeeded,200,,Successful
cf-templates-fz3tciia2e9-us-west-2,2019248ueP-cloudARN.yaml,,succeeded,200,,Successful
cf-templates-fz3tciia2e9-us-west-2,2019254vIA-EC2_JSON+Windows.json,,succeeded,200,,Successful
cf-templates-fz3tciia2e9-us-west-2,2019253e1h-EC2withMultiLevelofApproval.yml,,succeeded,200,,Successful
cf-templates-fz3tciia2e9-us-west-2,2019245cFX-cosdlargegrwithoutRM.yaml,,succeeded,200,,Successful
cf-templates-fz3tciia2e9-us-west-2,2019246XdR-ServiceCatalog_WithSG_Final.json,,succeeded,200,,Successful
cf-templates-fz3tciia2e9-us-west-2,2019248b31-Aliasandemail-test1.yaml,,succeeded,200,,Successful
cf-templates-fz3tciia2e9-us-west-2,20192528rw-singlelevel.yml,,succeeded,200,,Successful
cf-templates-fz3tciia2e9-us-west-2,2019254VQX-URLShortener_Final.yml,,succeeded,200,,Successful
cf-templates-fz3tciia2e9-us-west-2,2019246NkD-testttttttttt.yaml,,succeeded,200,,Successful
cf-templates-fz3tciia2e9-us-west-2,20192472m4-ServiceCatalog_WithSG_Final.json,,succeeded,200,,Successful
cf-templates-fz3tciia2e9-us-west-2,2019247MjJ-cosdmediumconfigwithoutRM.yaml,,succeeded,200,,Successful
cf-templates-fz3tciia2e9-us-west-2,2019246UEs-ServiceCatalog_WithSG.json,,succeeded,200,,Successful
cf-templates-fz3tciia2e9-us-west-2,2019252qp8-singlelevel.yml,,succeeded,200,,Successful
cf-templates-fz3tciia2e9-us-west-2,2019247lLL-ServiceCatalog_WithSG_Final.json,,succeeded,200,,Successful
cf-templates-fz3tciia2e9-us-west-2,2019254T4u-FirstLevel_Approval_For_ServiceCatalog_final.yml,,succeeded,200,,Successful
cf-templates-fz3tciia2e9-us-west-2,2019246tHJ-ServiceCatalog_WithSG.json,,succeeded,200,,Successful
cf-templates-fz3tciia2e9-us-west-2,20192463Sk-ServiceCatalog_WithSG.json,,succeeded,200,,Successful
cf-templates-fz3tciia2e9-us-west-2,2019246HvY-testttttttttt.yaml,,succeeded,200,,Successful
cf-templates-fz3tciia2e9-us-west-2,2019252Gkh-singlelevel.yml,,succeeded,200,,Successful
cf-templates-fz3tciia2e9-us-west-2,2019245b1D-lambda_for_returningSG.yml,,succeeded,200,,Successful
cf-templates-fz3tciia2e9-us-west-2,2019254k8j-EC2_JSON+Windows.json,,succeeded,200,,Successful
cf-templates-fz3tciia2e9-us-west-2,20192473Vq-ServiceCatalog_WithSG_Final.json,,succeeded,200,,Successful
cf-templates-fz3tciia2e9-us-west-2,2019248Lcd-nested-final.yaml,,succeeded,200,,Successful
cf-templates-fz3tciia2e9-us-west-2,2019245VMm-ServiceCatalog_WithSG.json,,succeeded,200,,Successful
cf-templates-fz3tciia2e9-us-west-2,2019254tvQ-EC2_JSON+Windows.json,,succeeded,200,,Successful
cf-templates-fz3tciia2e9-us-west-2,2019245bzJ-cosdlargegrwithoutRM.yaml,,succeeded,200,,Successful
cf-templates-fz3tciia2e9-us-west-2,2019253lEb-EC2_JSON+Windows.json,,succeeded,200,,Successful
cf-templates-fz3tciia2e9-us-west-2,201925485B-EC2_Linux.json,,succeeded,200,,Successful
cf-templates-fz3tciia2e9-us-west-2,2019253woG-ServiceCatalogProductFor+SNS.txt,,succeeded,200,,Successful
cf-templates-fz3tciia2e9-us-west-2,2019247bnH-ServiceCatalog_WithSG_Final.json,,succeeded,200,,Successful
cf-templates-fz3tciia2e9-us-west-2,2019253rHx-singlelevel.yml,,succeeded,200,,Successful
cf-templates-fz3tciia2e9-us-west-2,2019248RGK-s3bucket.yaml,,succeeded,200,,Successful
cf-templates-fz3tciia2e9-us-west-2,2019252b7F-URLShortener.yml,,succeeded,200,,Successful
cf-templates-fz3tciia2e9-us-west-2,2019253PH1-EC2_JSON+Windows.json,,succeeded,200,,Successful
cf-templates-fz3tciia2e9-us-west-2,2019246Y9C-CreateLambdafortesting.json,,succeeded,200,,Successful
cf-templates-fz3tciia2e9-us-west-2,2019245EXw-lambda_for_returningSG.yml,,succeeded,200,,Successful
cf-templates-fz3tciia2e9-us-west-2,2019254Tqa-EC2_JSON+Windows.json,,succeeded,200,,Successful
cf-templates-fz3tciia2e9-us-west-2,2019248VEK-s3bucket.yaml,,succeeded,200,,Successful
cf-templates-fz3tciia2e9-us-west-2,2019246nFv-ServiceCatalog_WithSG.json,,succeeded,200,,Successful
cf-templates-fz3tciia2e9-us-west-2,20192540T0-EC2_Linux.json,,succeeded,200,,Successful
cf-templates-fz3tciia2e9-us-west-2,2019245ztZ-cosdmediumconfigwithoutRM.yaml,,succeeded,200,,Successful
cf-templates-fz3tciia2e9-us-west-2,2019246VdK-cosdmediumconfigwithoutRM.yaml,,succeeded,200,,Successful
cf-templates-fz3tciia2e9-us-west-2,20192525r8-URLShortener.yml,,succeeded,200,,Successful
cf-templates-fz3tciia2e9-us-west-2,2019245sRl-ServiceCatalog_WithSG.json,,succeeded,200,,Successful
cf-templates-fz3tciia2e9-us-west-2,2019253Ma8-EC2_JSON+Windows.json,,succeeded,200,,Successful
cf-templates-fz3tciia2e9-us-west-2,2019252oUv-singlelevel.yml,,succeeded,200,,Successful
cf-templates-fz3tciia2e9-us-west-2,2019253j7I-SNS_Lambda.yml,,succeeded,200,,Successful
cf-templates-fz3tciia2e9-us-west-2,20192536F3-EC2withMultiLevelofApproval.yml,,succeeded,200,,Successful
cf-templates-fz3tciia2e9-us-west-2,2019246Kve-testttttttttt.yaml,,succeeded,200,,Successful
cf-templates-fz3tciia2e9-us-west-2,20192538fY-EC2withMultiLevelofApproval.yml,,succeeded,200,,Successful
cf-templates-fz3tciia2e9-us-west-2,2019254Vts-EC2_JSON+Windows.json,,succeeded,200,,Successful
cf-templates-fz3tciia2e9-us-west-2,2019254om2-EC2_JSON+Windows.json,,succeeded,200,,Successful
cf-templates-fz3tciia2e9-us-west-2,2019252hUg-URLShortener.yml,,succeeded,200,,Successful
cf-templates-fz3tciia2e9-us-west-2,2019253R58-SNS_Lambda.yml,,succeeded,200,,Successful
cf-templates-fz3tciia2e9-us-west-2,2019253286-EC2_JSON+Windows.json,,succeeded,200,,Successful
cf-templates-fz3tciia2e9-us-west-2,2019253Ero-EC2_JSON+Windows.json,,succeeded,200,,Successful
cf-templates-fz3tciia2e9-us-west-2,2019246qdY-cosdmediumconfigwithoutRM.yaml,,succeeded,200,,Successful
cf-templates-fz3tciia2e9-us-west-2,2019245WTT-cosdsimplewithoutRM.yaml,,succeeded,200,,Successful
cf-templates-fz3tciia2e9-us-west-2,2019248iDR-cosdlargegrwithoutRM.yaml,,succeeded,200,,Successful
cf-templates-fz3tciia2e9-us-west-2,20192530oh-EC2_JSON+Windows.json,,succeeded,200,,Successful
cf-templates-fz3tciia2e9-us-west-2,2019245z46-lambda_for_returningSG.yml,,succeeded,200,,Successful
cf-templates-fz3tciia2e9-us-west-2,2019246D35-ServiceCatalog_WithoutSG.txt,,succeeded,200,,Successful
cf-templates-fz3tciia2e9-us-west-2,2019252kyi-URLShortener_Final.yml,,succeeded,200,,Successful
cf-templates-fz3tciia2e9-us-west-2,2019254Q0c-NewAccountVPCcreate+v3.yaml,,succeeded,200,,Successful
cf-templates-fz3tciia2e9-us-west-2,2019246kdN-cosdmediumconfigwithoutRM.yaml,,succeeded,200,,Successful
cf-templates-fz3tciia2e9-us-west-2,2019245Ut5-cosdsimplewithoutRM.yaml,,succeeded,200,,Successful
cf-templates-fz3tciia2e9-us-west-2,2019253yjm-rds_template.yaml,,succeeded,200,,Successful
cf-templates-fz3tciia2e9-us-west-2,2019254ABU-EC2_JSON+Windows.json,,succeeded,200,,Successful
cf-templates-fz3tciia2e9-us-west-2,2019246lBQ-cosdmediumconfigwithoutRM.yaml,,succeeded,200,,Successful
cf-templates-fz3tciia2e9-us-west-2,2019254kou-EC2_JSON+Windows.json,,succeeded,200,,Successful
cf-templates-fz3tciia2e9-us-west-2,2019246hen-cosdmediumconfigwithoutRM.yaml,,succeeded,200,,Successful
cf-templates-fz3tciia2e9-us-west-2,2019247UWk-cosdlargegrwithoutRM.yaml,,succeeded,200,,Successful
cf-templates-fz3tciia2e9-us-west-2,2019253JpX-rds_template.yaml,,succeeded,200,,Successful
cf-templates-fz3tciia2e9-us-west-2,2019248l3u-cosdlargegrwithoutRM.yaml,,succeeded,200,,Successful
cf-templates-fz3tciia2e9-us-west-2,2019246FvI-ServiceCatalog_WithSG.json,,succeeded,200,,Successful
cf-templates-fz3tciia2e9-us-west-2,2019248WED-s3bucket.yaml,,succeeded,200,,Successful
cf-templates-fz3tciia2e9-us-west-2,20192455jQ-cosdsimplewithoutRM.yaml,,succeeded,200,,Successful
cf-templates-fz3tciia2e9-us-west-2,2019248iNz-s3bucket.yaml,,succeeded,200,,Successful
cf-templates-fz3tciia2e9-us-west-2,2019246kAl-cosdmediumconfigwithoutRM.yaml,,succeeded,200,,Successful
cf-templates-fz3tciia2e9-us-west-2,2019245jtT-lambda_for_returningSG.yml,,succeeded,200,,Successful
cf-templates-fz3tciia2e9-us-west-2,20192471xk-cosdlargegrwithoutRM.yaml,,succeeded,200,,Successful
cf-templates-fz3tciia2e9-us-west-2,2019245CHi-ServiceCatalog_WithSG.json,,succeeded,200,,Successful
cf-templates-fz3tciia2e9-us-west-2,2019245vKG-cosdsimplewithoutRM.yaml,,succeeded,200,,Successful
cf-templates-fz3tciia2e9-us-west-2,2019246Iy3-cosdmediumconfigwithoutRM.yaml,,succeeded,200,,Successful
cf-templates-fz3tciia2e9-us-west-2,20192457Ai-cosdmediumconfigwithoutRM.yaml,,succeeded,200,,Successful
cf-templates-fz3tciia2e9-us-west-2,20192393m1-newoktaintegration+%281%29,,succeeded,200,,Successful
cf-templates-fz3tciia2e9-us-west-2,2019254HOQ-FirstLevel_Approval_For_ServiceCatalog_final.yml,,succeeded,200,,Successful
cf-templates-fz3tciia2e9-us-west-2,2019247jWP-cosdlargegrwithoutRM.yaml,,succeeded,200,,Successful
cf-templates-fz3tciia2e9-us-west-2,2019247s70-cosdlargegrwithoutRM.yaml,,succeeded,200,,Successful
cf-templates-fz3tciia2e9-us-west-2,2019246Bg1-testttttttttt.yaml,,succeeded,200,,Successful
cf-templates-fz3tciia2e9-us-west-2,2019254LhT-EC2_JSON+Windows.json,,succeeded,200,,Successful
cf-templates-fz3tciia2e9-us-west-2,2019253CtG-ServiceCatalogProductFor+SNS.txt,,succeeded,200,,Successful
cf-templates-fz3tciia2e9-us-west-2,2019247k91-SampleTemplate-64179466610126.yaml,,succeeded,200,,Successful
cf-templates-fz3tciia2e9-us-west-2,2019248zhT-s3bucket.yaml,,succeeded,200,,Successful
cf-templates-fz3tciia2e9-us-west-2,2019253XNJ-ServiceCatalogProductFor+SNS.txt,,succeeded,200,,Successful
cf-templates-fz3tciia2e9-us-west-2,2019247lxm-ServiceCatalog_WithSG_Final.json,,succeeded,200,,Successful
cf-templates-fz3tciia2e9-us-west-2,2019254gl2-EC2_JSON+Windows.json,,succeeded,200,,Successful
cf-templates-fz3tciia2e9-us-west-2,2019252PC9-URLShortener.yml,,succeeded,200,,Successful
cf-templates-fz3tciia2e9-us-west-2,2019252JCr-singlelevel.yml,,succeeded,200,,Successful
cf-templates-fz3tciia2e9-us-west-2,20192466Tq-ServiceCatalog_WithSG.json,,succeeded,200,,Successful
cf-templates-fz3tciia2e9-us-west-2,2019254YmJ-EC2_JSON+Windows.json,,succeeded,200,,Successful
cf-templates-fz3tciia2e9-us-west-2,2019252ivT-singlelevel.yml,,succeeded,200,,Successful
cf-templates-fz3tciia2e9-us-west-2,2019246CLs-ServiceCatalog_WithSG.json,,succeeded,200,,Successful
cf-templates-fz3tciia2e9-us-west-2,2019254TMz-EC2_JSON+Windows.json,,succeeded,200,,Successful
cf-templates-fz3tciia2e9-us-west-2,201924644B-lambda_for_returningSG_final.json,,succeeded,200,,Successful
cf-templates-fz3tciia2e9-us-west-2,2019254iLc-EC2_JSON+Windows.json,,succeeded,200,,Successful
cf-templates-fz3tciia2e9-us-west-2,2019248BFN-s3bucket.yaml,,succeeded,200,,Successful
cf-templates-fz3tciia2e9-us-west-2,2019253GjK-EC2_JSON+Windows.json,,succeeded,200,,Successful
cf-templates-fz3tciia2e9-us-west-2,2019246ftF-ServiceCatalog_WithSG.json,,succeeded,200,,Successful
cf-templates-fz3tciia2e9-us-west-2,2019254PMT-EC2_JSON+Windows.json,,succeeded,200,,Successful
cf-templates-fz3tciia2e9-us-west-2,20192477X4-cosdlargegrwithoutRM.yaml,,succeeded,200,,Successful
cf-templates-fz3tciia2e9-us-west-2,servicecatalog-product-20192496Em-nested-final.yaml,,succeeded,200,,Successful
cf-templates-fz3tciia2e9-us-west-2,2019253sb5-lambda_for_returningwithsubnetSG_final.json,,succeeded,200,,Successful
cf-templates-fz3tciia2e9-us-west-2,2019253XZQ-EC2_JSON+Windows.json,,succeeded,200,,Successful
cf-templates-fz3tciia2e9-us-west-2,20192454YC-ServiceCatalog_WithoutSG.txt,,succeeded,200,,Successful
cf-templates-fz3tciia2e9-us-west-2,2019253vgb-AWSControlTowerAddonExecutionRole.yaml,,succeeded,200,,Successful
cf-templates-fz3tciia2e9-us-west-2,201924841s-s3bucket.yaml,,succeeded,200,,Successful
cf-templates-fz3tciia2e9-us-west-2,2019248F8M-cloudARN.yaml,,succeeded,200,,Successful
cf-templates-fz3tciia2e9-us-west-2,20192541nY-lambda_for_returningwithsubnetSG_final.json,,succeeded,200,,Successful
cf-templates-fz3tciia2e9-us-west-2,2019249fTO-ServiceCatalog_WithSG_Final.json,,succeeded,200,,Successful
cf-templates-fz3tciia2e9-us-west-2,2019247pLz-testttttttttt.yaml,,succeeded,200,,Successful
cf-templates-fz3tciia2e9-us-west-2,2019252HuT-singlelevel.yml,,succeeded,200,,Successful
cf-templates-fz3tciia2e9-us-west-2,2019247sYZ-cosdlargegrwithoutRM.yaml,,succeeded,200,,Successful
cf-templates-fz3tciia2e9-us-west-2,2019254xNh-ServiceCatalogProductFor+SNS.json,,succeeded,200,,Successful
cf-templates-fz3tciia2e9-us-west-2,20192533fF-EC2_JSON+Windows.json,,succeeded,200,,Successful
cf-templates-fz3tciia2e9-us-west-2,2019246Ngn-cosdmediumconfigwithoutRM.yaml,,succeeded,200,,Successful
cf-templates-fz3tciia2e9-us-west-2,2019254Xu9-EC2_Linux.json,,succeeded,200,,Successful
cf-templates-fz3tciia2e9-us-west-2,2019248uYL-cloudARN.yaml,,succeeded,200,,Successful
cf-templates-fz3tciia2e9-us-west-2,2019253fXw-ServiceCatalogProductFor+SNS.txt,,succeeded,200,,Successful
cf-templates-fz3tciia2e9-us-west-2,2019254Zhf-EC2_JSON+Windows.json,,succeeded,200,,Successful
cf-templates-fz3tciia2e9-us-west-2,20192458Zy-ServiceCatalog_WithSG.json,,succeeded,200,,Successful
cf-templates-fz3tciia2e9-us-west-2,2019246ggE-ServiceCatalog_WithSG.json,,succeeded,200,,Successful
cf-templates-fz3tciia2e9-us-west-2,20192541eZ-EC2_JSON+Windows.json,,succeeded,200,,Successful
cf-templates-fz3tciia2e9-us-west-2,2019253VAv-rds_template.yaml,,succeeded,200,,Successful
cf-templates-fz3tciia2e9-us-west-2,2019245E1m-ServiceCatalog_WithSG.json,,succeeded,200,,Successful
cf-templates-fz3tciia2e9-us-west-2,201924540F-ServiceCatalog_WithSG.json,,succeeded,200,,Successful
cf-templates-fz3tciia2e9-us-west-2,2019252NBL-singlelevel.yml,,succeeded,200,,Successful
cf-templates-fz3tciia2e9-us-west-2,2019252e1p-SecondLevel_Approval_For_ServiceCatalog_final.yml,,succeeded,200,,Successful
cf-templates-fz3tciia2e9-us-west-2,2019253Tui-EC2_JSON+Windows.json,,succeeded,200,,Successful
cf-templates-fz3tciia2e9-us-west-2,2019245wdb-testttttttttt.yaml,,succeeded,200,,Successful
cf-templates-fz3tciia2e9-us-west-2,2019254Kq2-EC2_Linux.json,,succeeded,200,,Successful
cf-templates-fz3tciia2e9-us-west-2,2019254WjS-FirstLevel_Approval_For_ServiceCatalog_final.yml,,succeeded,200,,Successful
cf-templates-fz3tciia2e9-us-west-2,2019254IQY-NewAccountVPCcreate+v3.yaml,,succeeded,200,,Successful
cf-templates-fz3tciia2e9-us-west-2,2019246EPB-cosdmediumconfigwithoutRM.yaml,,succeeded,200,,Successful
cf-templates-fz3tciia2e9-us-west-2,2019246s6e-ServiceCatalog_WithSG.json,,succeeded,200,,Successful
cf-templates-fz3tciia2e9-us-west-2,2019246gol-cosdmediumconfigwithoutRM.yaml,,succeeded,200,,Successful
cf-templates-fz3tciia2e9-us-west-2,2019246vXJ-ServiceCatalog_WithSG.json,,succeeded,200,,Successful
cf-templates-fz3tciia2e9-us-west-2,2019246lRb-ServiceCatalog_WithSG.json,,succeeded,200,,Successful
cf-templates-fz3tciia2e9-us-west-2,2019253fqi-AWSControlTowerAddonExecutionRole.yaml,,succeeded,200,,Successful
cf-templates-fz3tciia2e9-us-west-2,2019247nvS-cosdlargegrwithoutRM.yaml,,succeeded,200,,Successful
cf-templates-fz3tciia2e9-us-west-2,20192537bl-EC2_JSON+Windows.json,,succeeded,200,,Successful
cf-templates-fz3tciia2e9-us-west-2,2019247CkX-ServiceCatalog_WithSG_Final.json,,succeeded,200,,Successful
cf-templates-fz3tciia2e9-us-west-2,20192450fw-cosdmediumconfigwithoutRM.yaml,,succeeded,200,,Successful
cf-templates-fz3tciia2e9-us-west-2,2019245QYX-cosdmediumconfigwithoutRM.yaml,,succeeded,200,,Successful
cf-templates-fz3tciia2e9-us-west-2,20192541FW-EC2_JSON+Windows.json,,succeeded,200,,Successful
cf-templates-fz3tciia2e9-us-west-2,servicecatalog-product-20192494aX-nested-final.yaml,,succeeded,200,,Successful
cf-templates-fz3tciia2e9-us-west-2,2019248zfR-nested-final.yaml,,succeeded,200,,Successful
cf-templates-fz3tciia2e9-us-west-2,2019254LSg-EC2_JSON+Windows.json,,succeeded,200,,Successful
cf-templates-fz3tciia2e9-us-west-2,2019245cpP-testttttttttt.yaml,,succeeded,200,,Successful
cf-templates-fz3tciia2e9-us-west-2,2019252gRl-URLShortener.yml,,succeeded,200,,Successful
cf-templates-fz3tciia2e9-us-west-2,20192536tX-rds_template.yaml,,succeeded,200,,Successful
cf-templates-fz3tciia2e9-us-west-2,20192483c7-cloudARN.yaml,,succeeded,200,,Successful
cf-templates-fz3tciia2e9-us-west-2,2019246J5V-ServiceCatalog_WithSG.json,,succeeded,200,,Successful
cf-templates-fz3tciia2e9-us-west-2,20192461Vj-ServiceCatalog_WithSG.json,,succeeded,200,,Successful
cf-templates-fz3tciia2e9-us-west-2,2019246GpP-ServiceCatalog_WithSG.json,,succeeded,200,,Successful
cf-templates-fz3tciia2e9-us-west-2,2019246ZoM-ServiceCatalog_WithSG.json,,succeeded,200,,Successful
cf-templates-fz3tciia2e9-us-west-2,2019252y9r-ApprovalRejection.yml,,succeeded,200,,Successful
cf-templates-fz3tciia2e9-us-west-2,20192547bP-EC2_JSON+Windows.json,,succeeded,200,,Successful
cf-templates-fz3tciia2e9-us-west-2,2019254u7g-EC2_JSON+Windows.json,,succeeded,200,,Successful
cf-templates-fz3tciia2e9-us-west-2,2019254aLd-NewAccountVPCcreate+v3.yaml,,succeeded,200,,Successful
cf-templates-fz3tciia2e9-us-west-2,2019246ypx-ServiceCatalog_WithSG.json,,succeeded,200,,Successful
cf-templates-fz3tciia2e9-us-west-2,2019247252-ServiceCatalog_WithSG_Final.json,,succeeded,200,,Successful
cf-templates-fz3tciia2e9-us-west-2,2019245Z8g-lambda_for_returningSG.yml,,succeeded,200,,Successful
cf-templates-fz3tciia2e9-us-west-2,2019249JrQ-SG.yml,,succeeded,200,,Successful
cf-templates-fz3tciia2e9-us-west-2,2019247dr9-ServiceCatalog_WithSG_Final.json,,succeeded,200,,Successful
cf-templates-fz3tciia2e9-us-west-2,2019247j1m-ServiceCatalog_WithSG_Final.json,,succeeded,200,,Successful
cf-templates-fz3tciia2e9-us-west-2,2019248rEy-kmstest.yaml,,succeeded,200,,Successful
cf-templates-fz3tciia2e9-us-west-2,2019246Kz8-ServiceCatalog_WithSG_Final.json,,succeeded,200,,Successful
cf-templates-fz3tciia2e9-us-west-2,2019249Kex-SG.yml,,succeeded,200,,Successful
cf-templates-fz3tciia2e9-us-west-2,2019248Aka-kmstest.yaml,,succeeded,200,,Successful
cf-templates-fz3tciia2e9-us-west-2,2019254TjQ-EC2_JSON+Windows.json,,succeeded,200,,Successful
cf-templates-fz3tciia2e9-us-west-2,2019252yto-SNS_ARN.yml,,succeeded,200,,Successful
cf-templates-fz3tciia2e9-us-west-2,20192528Th-singlelevel.yml,,succeeded,200,,Successful
cf-templates-fz3tciia2e9-us-west-2,2019254u6k-rds_template.yaml,,succeeded,200,,Successful
cf-templates-fz3tciia2e9-us-west-2,20192473Pf-ServiceCatalog_WithSG_Final.json,,succeeded,200,,Successful
cf-templates-fz3tciia2e9-us-west-2,2019253pWn-rds_template.yaml,,succeeded,200,,Successful
cf-templates-fz3tciia2e9-us-west-2,2019245hlg-cosdlargegrwithoutRM.yaml,,succeeded,200,,Successful
cf-templates-fz3tciia2e9-us-west-2,2019246tqG-testttttttttt.yaml,,succeeded,200,,Successful
cf-templates-fz3tciia2e9-us-west-2,2019252yaW-singlelevel.yml,,succeeded,200,,Successful
cf-templates-fz3tciia2e9-us-west-2,2019242xda-cosdmediumconfigwithoutRM.yaml,,succeeded,200,,Successful
cf-templates-fz3tciia2e9-us-west-2,20192454WJ-ServiceCatalog_WithoutSG.txt,,succeeded,200,,Successful
cf-templates-fz3tciia2e9-us-west-2,2019246sy0-cosdmediumconfigwithoutRM.yaml,,succeeded,200,,Successful
cf-templates-fz3tciia2e9-us-west-2,2019246SCh-cosdmediumconfigwithoutRM.yaml,,succeeded,200,,Successful
cf-templates-fz3tciia2e9-us-west-2,2019248uwD-s3bucket.yaml,,succeeded,200,,Successful
cf-templates-fz3tciia2e9-us-west-2,2019253L41-rds_template.yaml,,succeeded,200,,Successful
cf-templates-fz3tciia2e9-us-west-2,2019246hi5-ServiceCatalog_WithSG.json,,succeeded,200,,Successful
cf-templates-fz3tciia2e9-us-west-2,2019248ggn-s3bucket.yaml,,succeeded,200,,Successful
cf-templates-fz3tciia2e9-us-west-2,20192537mV-singlelevel.yml,,succeeded,200,,Successful
cf-templates-fz3tciia2e9-us-west-2,2019252z0W-singlelevel.yml,,succeeded,200,,Successful
cf-templates-fz3tciia2e9-us-west-2,2019248ySb-s3bucket.yaml,,succeeded,200,,Successful
cf-templates-fz3tciia2e9-us-west-2,2019253Hsj-singlelevel.yml,,succeeded,200,,Successful
cf-templates-fz3tciia2e9-us-west-2,2019246jiU-ServiceCatalog_WithSG.json,,succeeded,200,,Successful
cf-templates-fz3tciia2e9-us-west-2,2019239k6o-aws-okta-integration.template,,succeeded,200,,Successful
cf-templates-fz3tciia2e9-us-west-2,2019252sqo-singlelevel.yml,,succeeded,200,,Successful
cf-templates-fz3tciia2e9-us-west-2,2019245eQT-cosdsimplewithoutRM.yaml,,succeeded,200,,Successful
cf-templates-fz3tciia2e9-us-west-2,2019253Per-ServiceCatalogProductFor+SNS.txt,,succeeded,200,,Successful
cf-templates-fz3tciia2e9-us-west-2,2019254Htr-rds_template.yaml,,succeeded,200,,Successful
cf-templates-fz3tciia2e9-us-west-2,20192522S9-URLShortener.yml,,succeeded,200,,Successful
cf-templates-fz3tciia2e9-us-west-2,20192524R7-singlelevel.yml,,succeeded,200,,Successful
cf-templates-fz3tciia2e9-us-west-2,2019248EUm-nested-final.yaml,,succeeded,200,,Successful
cf-templates-fz3tciia2e9-us-west-2,20192457v5-lambda_for_returningSG.yml,,succeeded,200,,Successful
cf-templates-fz3tciia2e9-us-west-2,20192452hJ-cosdsimplewithoutRM.yaml,,succeeded,200,,Successful
cf-templates-fz3tciia2e9-us-west-2,2019239ROC-aws-okta-integration.template,,succeeded,200,,Successful
cf-templates-fz3tciia2e9-us-west-2,2019245ez0-ServiceCatalog_WithSG.json,,succeeded,200,,Successful
cf-templates-fz3tciia2e9-us-west-2,servicecatalog-product-2019246qkw-servicecatalognew,,succeeded,200,,Successful
cf-templates-fz3tciia2e9-us-west-2,2019254poQ-EC2_JSON+Windows.json,,succeeded,200,,Successful
cf-templates-fz3tciia2e9-us-west-2,2019239rF1-aws-okta-integration.template,,succeeded,200,,Successful
cf-templates-fz3tciia2e9-us-west-2,servicecatalog-product-2019253h3w-SNS_Lambda.yml,,succeeded,200,,Successful
cf-templates-fz3tciia2e9-us-west-2,2019249K00-SG.yml,,succeeded,200,,Successful
cf-templates-fz3tciia2e9-us-west-2,2019253jUx-singlelevel.yml,,succeeded,200,,Successful
cf-templates-fz3tciia2e9-us-west-2,2019246Cao-ServiceCatalog_WithSG.json,,succeeded,200,,Successful
cf-templates-fz3tciia2e9-us-west-2,2019245Swv-testttttttttt.yaml,,succeeded,200,,Successful
cf-templates-fz3tciia2e9-us-west-2,2019252jwD-SecondLevel_Approval_For_ServiceCatalog_final.yml,,succeeded,200,,Successful
cf-templates-fz3tciia2e9-us-west-2,2019247p8T-ServiceCatalog_WithSG_Final.json,,succeeded,200,,Successful
cf-templates-fz3tciia2e9-us-west-2,20192487Vn-s3bucket.yaml,,succeeded,200,,Successful
cf-templates-fz3tciia2e9-us-west-2,2019252Z4U-singlelevel.yml,,succeeded,200,,Successful
cf-templates-fz3tciia2e9-us-west-2,2019252wzt-URLShortener.yml,,succeeded,200,,Successful
cf-templates-fz3tciia2e9-us-west-2,20192533Ax-singlelevel.yml,,succeeded,200,,Successful
cf-templates-fz3tciia2e9-us-west-2,20192548N3-EC2_Linux.json,,succeeded,200,,Successful
cf-templates-fz3tciia2e9-us-west-2,2019248qG0-nested-final.yaml,,succeeded,200,,Successful
cf-templates-fz3tciia2e9-us-west-2,2019253Guu-EC2_JSON+Windows.json,,succeeded,200,,Successful
cf-templates-fz3tciia2e9-us-west-2,2019254x5O-EC2_JSON+Windows.json,,succeeded,200,,Successful
cf-templates-fz3tciia2e9-us-west-2,2019247Pmu-ServiceCatalog_WithSG_Final.json,,succeeded,200,,Successful
cf-templates-fz3tciia2e9-us-west-2,2019245LaC-ServiceCatalog_WithSG.json,,succeeded,200,,Successful
cf-templates-fz3tciia2e9-us-west-2,2019253zjk-EC2_JSON+Windows.json,,succeeded,200,,Successful
cf-templates-fz3tciia2e9-us-west-2,2019239BKU-aws-okta-integration.template,,succeeded,200,,Successful
cf-templates-fz3tciia2e9-us-west-2,201924512b-cosdmediumconfigwithoutRM.yaml,,succeeded,200,,Successful
cf-templates-fz3tciia2e9-us-west-2,2019247nUO-cosdlargegrwithoutRM.yaml,,succeeded,200,,Successful
